City_ID,City,Country,Date,Lat,Lng,Max Temp,Humidity,Cloudiness,Wind Speed
0,Bara,NG,2019-11-30 02:00:12,10.41,10.6,71.28,24,0,6.38
1,Saint-Philippe,CA,2019-11-30 02:00:12,45.36,-73.48,25.0,73,1,8.05
2,Hof,DE,2019-11-30 02:00:12,50.32,11.92,37.99,100,90,7.09
3,Qaanaaq,GL,2019-11-30 02:00:12,77.48,-69.36,0.9,90,100,4.36
4,Bethel,US,2019-11-30 02:00:12,60.79,-161.76,17.6,92,90,10.29
5,Rikitea,PF,2019-11-30 02:00:13,-23.12,-134.97,78.78,72,82,6.24
6,Yellowknife,CA,2019-11-30 02:00:13,62.45,-114.38,16.0,78,75,2.24
7,Busselton,AU,2019-11-30 02:00:14,-33.64,115.35,73.0,23,0,10.56
8,New Norfolk,AU,2019-11-30 02:00:14,-42.78,147.06,66.99,44,75,10.29
9,Waipawa,NZ,2019-11-30 02:00:14,-39.94,176.59,73.0,63,54,4.0
10,Risor,NO,2019-11-30 02:00:15,58.72,9.23,21.0,95,0,9.69
11,Kupang,ID,2019-11-30 02:00:15,-10.16,123.6,89.6,52,20,8.05
12,Nipawin,CA,2019-11-30 02:00:15,53.36,-104.02,8.6,100,90,4.7
13,Semey,KZ,2019-11-30 02:00:16,50.41,80.25,-7.6,83,2,4.47
14,Hamilton,CA,2019-11-30 01:59:33,43.26,-79.87,33.01,79,90,2.24
15,Klaksvik,FO,2019-11-30 02:00:16,62.23,-6.59,35.6,74,76,5.32
16,Barrow,AR,2019-11-30 02:00:16,-38.31,-60.23,56.05,35,0,3.96
17,Meadow Lake,CA,2019-11-30 02:00:17,54.13,-108.44,10.08,94,0,3.24
18,Jamestown,AU,2019-11-30 02:00:17,-33.21,138.6,65.89,35,0,16.64
19,Khandyga,RU,2019-11-30 02:00:17,62.65,135.58,-23.66,97,89,1.5
20,Quelimane,MZ,2019-11-30 02:00:17,-17.88,36.89,73.4,80,0,1.34
21,Ushuaia,AR,2019-11-30 01:58:40,-54.81,-68.31,42.8,70,75,21.92
22,Albany,US,2019-11-30 01:55:40,42.65,-73.75,30.99,63,90,8.05
23,Hermanus,ZA,2019-11-30 02:00:18,-34.42,19.24,63.0,81,100,5.99
24,Kungurtug,RU,2019-11-30 02:00:18,50.6,97.53,4.48,84,100,1.61
25,Carlyle,CA,2019-11-30 02:00:18,49.63,-102.27,25.0,100,90,16.11
26,Matagami,NG,2019-11-30 02:00:19,9.67,8.4,70.47,26,0,5.48
27,Teguise,ES,2019-11-30 02:00:19,29.06,-13.56,68.0,72,0,11.41
28,Ilulissat,GL,2019-11-30 02:00:19,69.22,-51.1,26.6,73,52,12.75
29,Beringovskiy,RU,2019-11-30 02:00:19,63.05,179.32,23.76,74,100,2.77
30,Lasa,CY,2019-11-30 02:00:19,34.92,32.53,64.4,77,90,6.93
31,Mahebourg,MU,2019-11-30 02:00:20,-20.41,57.7,75.2,94,75,3.36
32,Darnah,LY,2019-11-30 02:00:20,32.77,22.64,67.55,71,100,16.04
33,Upernavik,GL,2019-11-30 02:00:20,72.79,-56.15,19.81,84,100,14.61
34,Hasaki,JP,2019-11-30 02:00:20,35.73,140.83,50.0,42,20,3.36
35,Georgetown,GY,2019-11-30 02:00:03,6.8,-58.16,80.6,88,20,2.24
36,Lagoa,PT,2019-11-30 02:00:21,37.14,-8.45,59.0,93,20,3.36
37,Hobart,AU,2019-11-30 01:59:25,-42.88,147.33,66.99,44,75,10.29
38,Punta Arenas,CL,2019-11-30 02:00:00,-53.16,-70.91,46.4,61,75,13.87
39,Avarua,CK,2019-11-30 02:00:21,-21.21,-159.78,78.8,65,100,4.7
40,Alugan,PH,2019-11-30 02:00:22,12.22,125.48,82.15,73,67,17.38
41,Pahrump,US,2019-11-30 01:57:59,36.21,-115.98,45.0,69,75,3.36
42,Vila Velha,BR,2019-11-30 02:00:22,-3.71,-38.6,86.0,74,20,9.17
43,Khatanga,RU,2019-11-30 02:00:22,71.98,102.47,-21.82,96,100,9.89
44,Hope Mills,US,2019-11-30 02:00:23,34.97,-78.95,50.0,81,20,4.7
45,Mar Del Plata,AR,2019-11-30 02:00:23,-46.43,-67.52,50.52,61,47,24.49
46,Hilo,US,2019-11-30 02:00:23,19.71,-155.08,75.2,73,75,13.87
47,Komsomolskiy,RU,2019-11-30 02:00:23,67.55,63.78,16.5,95,100,10.18
48,Vaini,IN,2019-11-30 02:00:24,15.34,74.49,66.2,93,20,5.82
49,Portoferraio,IT,2019-11-30 02:00:24,42.81,10.31,57.99,81,0,2.24
50,Airai,TL,2019-11-30 02:00:24,-8.93,125.41,88.77,34,1,7.65
51,Touros,BR,2019-11-30 02:00:24,-5.2,-35.46,77.0,83,20,6.93
52,Ewa Beach,US,2019-11-30 01:59:32,21.32,-158.01,84.2,65,75,8.05
53,Zlitan,LY,2019-11-30 02:00:25,32.47,14.57,61.97,71,84,7.65
54,Anloga,GH,2019-11-30 02:00:25,5.79,0.9,81.37,80,5,5.68
55,Bluff,AU,2019-11-30 02:00:25,-23.58,149.07,92.79,23,65,8.7
56,Mataura,NZ,2019-11-30 02:00:25,-46.19,168.86,71.83,50,100,4.9
57,San Quintin,PH,2019-11-30 02:00:25,17.54,120.52,81.68,56,100,7.4
58,Sarankhola,BD,2019-11-30 02:00:26,22.31,89.79,75.97,64,0,3.27
59,Ciudad Bolivar,VE,2019-11-30 02:00:26,8.12,-63.55,78.35,79,100,9.71
60,Pimentel,BR,2019-11-30 02:00:26,-3.7,-45.5,75.85,84,0,5.17
61,Sembakung,ID,2019-11-30 02:00:26,3.82,117.25,89.35,56,96,5.53
62,Khandbari,NP,2019-11-30 02:00:27,27.38,87.21,48.61,50,0,2.66
63,Chuy,UY,2019-11-30 02:00:27,-33.69,-53.46,69.15,76,0,5.37
64,Tasiilaq,GL,2019-11-30 02:00:27,65.61,-37.64,23.0,73,100,3.36
65,Buala,SB,2019-11-30 02:00:27,-8.15,159.59,83.75,70,64,5.55
66,East London,ZA,2019-11-30 02:00:28,-33.02,27.91,68.61,81,100,14.32
67,Jinchang,CN,2019-11-30 02:00:28,38.52,102.19,21.81,71,100,1.95
68,Saint George,GR,2019-11-30 02:00:28,39.45,22.34,50.0,81,20,3.36
69,Arraial Do Cabo,BR,2019-11-30 02:00:28,-22.97,-42.02,71.64,85,95,8.48
70,Harper,US,2019-11-30 02:00:29,30.3,-99.24,71.6,83,90,17.22
71,Saskylakh,RU,2019-11-30 02:00:29,71.97,114.09,-30.86,95,96,9.04
72,Magomeni,TZ,2019-11-30 02:00:30,-6.8,39.25,79.29,81,100,6.15
73,Hambantota,LK,2019-11-30 02:00:30,6.12,81.12,75.2,100,40,1.12
74,Rockport,US,2019-11-30 02:00:30,28.02,-97.05,75.99,100,1,13.87
75,Padang,ID,2019-11-30 02:00:30,-0.92,100.36,81.01,68,13,2.44
76,Tiznit,MA,2019-11-30 02:00:31,29.7,-9.73,60.17,33,100,1.66
77,Yanam,IN,2019-11-30 02:00:31,16.73,82.22,77.0,78,20,6.93
78,Warmbad,DE,2019-11-30 02:00:31,50.67,13.08,34.0,80,62,5.82
79,Longyearbyen,NO,2019-11-30 02:00:31,78.22,15.63,17.6,92,90,46.08
80,Nanortalik,GL,2019-11-30 02:00:31,60.14,-45.24,37.47,72,100,4.83
81,Ponta Do Sol,BR,2019-11-30 02:00:32,-20.63,-46.0,67.26,94,100,3.76
82,Husavik,CA,2019-11-30 02:00:32,50.56,-96.99,28.99,91,100,3.0
83,Port Alfred,ZA,2019-11-30 02:00:32,-33.59,26.89,64.99,91,83,1.99
84,Cidreira,BR,2019-11-30 02:00:33,-30.17,-50.22,70.92,83,0,18.45
85,Owando,CG,2019-11-30 02:00:33,-0.49,15.91,73.58,89,100,1.23
86,Neyshabur,IR,2019-11-30 02:00:33,36.21,58.79,37.35,74,0,0.51
87,Ostrovnoy,RU,2019-11-30 02:00:33,68.05,39.51,34.66,96,100,18.7
88,Cabo San Lucas,MX,2019-11-30 01:56:17,22.89,-109.91,75.0,83,75,6.78
89,Port Lincoln,AU,2019-11-30 02:00:34,-34.72,135.86,61.79,51,100,14.92
90,Okhotsk,RU,2019-11-30 02:00:34,59.36,143.24,-9.85,65,0,22.48
91,Matara,BI,2019-11-30 02:00:34,-3.48,29.48,58.96,92,100,1.59
92,Puerto Ayacucho,CO,2019-11-30 02:00:34,5.66,-67.63,82.4,74,40,1.21
93,Ongandjera,NA,2019-11-30 02:00:35,-17.88,15.07,76.6,32,98,5.93
94,Dawlatabad,AF,2019-11-30 02:00:35,36.41,64.91,44.62,46,96,0.92
95,Pocatello,US,2019-11-30 02:00:35,42.87,-112.44,28.4,86,90,19.46
96,Eyl,SO,2019-11-30 02:00:35,7.98,49.82,78.19,67,100,21.32
97,Dikson,RU,2019-11-30 02:00:36,73.51,80.55,-7.49,99,99,7.09
98,Faanui,PF,2019-11-30 02:00:36,-16.48,-151.75,82.42,73,89,7.81
99,Atuona,PF,2019-11-30 02:00:36,-9.8,-139.03,79.48,71,0,17.52
100,Half Moon Bay,US,2019-11-30 02:00:36,37.46,-122.43,48.2,93,75,3.36
101,Port Elizabeth,US,2019-11-30 02:00:37,39.31,-74.98,39.99,51,20,9.17
102,Meulaboh,ID,2019-11-30 02:00:37,4.14,96.13,80.8,82,79,5.21
103,Belen,US,2019-11-30 01:57:53,34.66,-106.78,39.0,74,1,12.75
104,Lavrentiya,RU,2019-11-30 02:00:37,65.58,-170.99,23.65,78,100,25.37
105,Wattegama,LK,2019-11-30 02:00:37,7.35,80.68,74.53,92,97,1.66
106,Radhanpur,IN,2019-11-30 02:00:38,23.83,71.61,67.57,49,33,12.95
107,Caravelas,BR,2019-11-30 02:00:38,-17.73,-39.27,74.61,96,100,8.03
108,Kapaa,US,2019-11-30 02:00:38,22.08,-159.32,84.2,69,20,18.34
109,Roma,IT,2019-11-30 01:59:17,41.89,12.48,54.0,93,0,2.24
110,Lebu,ET,2019-11-30 02:00:39,8.96,38.73,51.82,91,100,1.12
111,Parkes,AU,2019-11-30 02:00:39,-33.14,148.18,87.12,20,85,15.19
112,Matay,EG,2019-11-30 02:00:39,28.42,30.79,55.17,81,0,8.57
113,Victoria,BN,2019-11-30 02:00:39,5.28,115.24,84.2,74,75,4.7
114,Collie,AU,2019-11-30 02:00:39,-33.36,116.15,73.0,23,0,9.37
115,Mount Gambier,AU,2019-11-30 02:00:40,-37.83,140.78,59.0,62,75,11.41
116,Thompson,CA,2019-11-30 01:58:52,55.74,-97.86,-4.0,83,40,2.24
117,Kshenskiy,RU,2019-11-30 02:00:40,51.85,37.72,42.85,94,100,14.18
118,Sitka,US,2019-11-30 02:00:40,37.17,-99.65,47.08,95,91,12.64
119,Ribeira Grande,PT,2019-11-30 02:00:40,38.52,-28.7,61.79,81,100,10.13
120,Chokurdakh,RU,2019-11-30 02:00:41,70.62,147.9,-16.78,95,94,9.86
121,Tuatapere,NZ,2019-11-30 02:00:41,-46.13,167.69,70.65,22,100,4.74
122,Samfya,ZM,2019-11-30 02:00:41,-11.37,29.56,64.98,91,96,3.44
123,Harer,US,2019-11-30 02:00:42,42.19,-111.17,28.99,92,90,8.05
124,Hinton,CA,2019-11-30 02:00:24,53.4,-117.57,5.0,63,0,2.75
125,Altamira,BR,2019-11-30 01:57:40,-3.2,-52.21,75.79,87,1,2.04
126,Labuhan,ID,2019-11-30 02:00:43,-2.54,115.51,90.05,59,100,2.59
127,Grand Gaube,MU,2019-11-30 02:00:43,-20.01,57.66,75.2,94,75,3.36
128,Mazatlan,MX,2019-11-30 01:56:03,23.22,-106.42,79.0,83,5,9.17
129,Yarmouth,CA,2019-11-30 01:56:42,43.84,-66.12,28.0,73,90,33.33
130,Cabinda,AO,2019-11-30 02:00:43,-5.56,12.19,80.35,78,83,9.04
131,Bredasdorp,ZA,2019-11-30 02:00:44,-34.53,20.04,66.2,68,100,6.93
132,Nalut,LY,2019-11-30 02:00:44,31.86,10.98,56.07,61,4,0.58
133,Socorro,US,2019-11-30 02:00:44,31.65,-106.3,51.8,70,90,12.75
134,Bilibino,RU,2019-11-30 02:00:44,68.06,166.44,2.95,92,100,7.36
135,Alice Springs,AU,2019-11-30 02:00:01,-23.7,133.88,82.4,30,75,19.46
136,Iqaluit,CA,2019-11-30 01:58:34,63.75,-68.52,24.8,62,90,11.41
137,Berlevag,NO,2019-11-30 02:00:45,70.86,29.09,37.17,67,79,31.12
138,Valparaiso,US,2019-11-30 01:59:49,41.47,-87.06,39.99,93,90,6.89
139,Puerto Ayora,EC,2019-11-30 02:00:45,-0.74,-90.35,71.01,88,78,8.25
140,Riyadh,SA,2019-11-30 01:59:26,24.63,46.72,60.8,72,0,2.84
141,Barra Patuca,HN,2019-11-30 02:00:46,15.8,-84.28,80.65,76,100,18.59
142,Luderitz,NA,2019-11-30 02:00:46,-26.65,15.16,60.8,82,0,13.87
143,Ofaqim,IL,2019-11-30 02:00:46,31.31,34.62,51.01,87,60,1.99
144,Tuktoyaktuk,CA,2019-11-30 02:00:47,69.44,-133.03,14.0,85,75,9.17
145,Salalah,OM,2019-11-30 02:00:47,17.01,54.1,75.2,53,68,10.29
146,Morristown,US,2019-11-30 01:58:55,36.21,-83.29,48.2,70,90,5.1
147,Prince Rupert,CA,2019-11-30 01:58:51,54.32,-130.32,32.0,46,1,3.36
148,Baykit,RU,2019-11-30 02:00:48,61.68,96.39,-20.51,94,5,4.0
149,Broken Hill,AU,2019-11-30 02:00:03,-31.97,141.45,64.4,36,77,21.92
150,Hofn,IS,2019-11-30 02:00:48,64.25,-15.21,37.8,65,27,1.32
151,Merauke,ID,2019-11-30 02:00:48,-8.49,140.4,88.21,59,100,10.49
152,Jijiga,ET,2019-11-30 02:00:48,9.35,42.8,51.96,48,46,10.56
153,Tirano,IT,2019-11-30 02:00:49,46.22,10.17,41.0,92,90,2.24
154,Marmashen,AM,2019-11-30 02:00:49,40.84,43.78,33.8,92,90,10.49
155,Misratah,LY,2019-11-30 02:00:49,32.38,15.09,65.86,69,45,7.14
156,Aransas Pass,US,2019-11-30 02:00:49,27.91,-97.15,75.2,100,1,13.87
157,Fortuna,US,2019-11-30 02:00:50,40.6,-124.16,42.8,81,40,3.13
158,Tiksi,RU,2019-11-30 02:00:50,71.64,128.87,-15.74,99,100,4.09
159,Butaritari,KI,2019-11-30 02:00:50,3.07,172.79,84.09,66,0,6.55
160,Oranjemund,ZA,2019-11-30 02:00:50,-28.55,16.43,55.44,97,28,2.62
161,Puerto El Triunfo,SV,2019-11-30 02:00:51,13.27,-88.55,78.8,88,20,1.12
162,Bhatapara,IN,2019-11-30 02:00:51,21.77,81.81,71.38,56,0,3.96
163,Provideniya,RU,2019-11-30 02:00:51,64.42,-173.23,21.34,82,100,28.48
164,Tsumeb,NA,2019-11-30 02:00:51,-19.25,17.72,72.7,53,30,3.74
165,Chipinge,ZW,2019-11-30 02:00:52,-20.19,32.62,62.87,40,0,4.94
166,Severo-Kurilsk,RU,2019-11-30 02:00:53,50.68,156.12,22.59,80,90,23.24
167,Usinsk,RU,2019-11-30 02:00:53,66.0,57.56,34.25,98,100,18.66
168,Lethem,GY,2019-11-30 02:00:53,3.38,-59.8,80.58,74,100,7.72
169,Canutama,BR,2019-11-30 02:00:53,-6.53,-64.38,73.65,79,39,1.9
170,Cape Town,ZA,2019-11-30 01:57:38,-33.93,18.42,64.4,68,75,3.36
171,Katsuura,JP,2019-11-30 02:00:54,33.93,134.5,57.99,53,40,11.41
172,Itarema,BR,2019-11-30 02:00:54,-2.92,-39.92,76.53,83,97,8.37
173,Hithadhoo,MV,2019-11-30 02:00:55,-0.6,73.08,80.24,74,100,5.73
174,Qaqortoq,GL,2019-11-30 02:00:55,60.72,-46.03,30.2,39,100,1.12
175,Bonoua,CI,2019-11-30 02:00:55,5.27,-3.6,84.2,79,20,6.93
176,Sur,OM,2019-11-30 02:00:55,22.57,59.53,67.95,46,0,3.27
177,Westport,US,2019-11-30 02:00:55,41.14,-73.36,37.4,59,1,11.41
178,Pangai,TO,2019-11-30 02:00:56,-19.8,-174.35,80.6,65,75,10.29
179,San Patricio,PY,2019-11-30 02:00:56,-26.98,-56.83,77.63,65,0,6.17
180,Mabaruma,GY,2019-11-30 02:00:56,8.2,-59.78,73.53,98,100,1.34
181,Kushima,JP,2019-11-30 02:00:57,31.5,131.29,55.4,54,20,8.05
182,Nanticoke,US,2019-11-30 02:00:57,41.21,-76.0,33.01,79,90,9.17
183,Kavaratti,IN,2019-11-30 02:00:38,10.57,72.64,84.27,73,99,9.71
184,La Ronge,CA,2019-11-30 02:00:57,55.1,-105.3,14.0,85,90,2.26
185,Lata,IN,2019-11-30 02:00:57,30.78,78.62,19.38,28,0,6.71
186,Vestmannaeyjar,IS,2019-11-30 02:00:58,63.44,-20.27,35.8,78,11,5.35
187,Udachnyy,RU,2019-11-30 02:00:58,66.42,112.4,-7.6,83,90,6.71
188,Anadyr,RU,2019-11-30 02:00:58,64.73,177.51,28.4,92,90,46.98
189,Souillac,FR,2019-11-30 02:00:58,45.6,-0.6,45.0,100,90,8.05
190,Gravdal,NO,2019-11-30 02:00:58,59.79,5.78,39.2,80,36,11.41
191,Nome,US,2019-11-30 02:00:59,30.04,-94.42,72.0,94,90,6.93
192,Tynda,RU,2019-11-30 02:00:59,55.15,124.74,-5.1,88,100,1.05
193,College,US,2019-11-30 02:00:59,64.86,-147.8,26.6,100,90,3.91
194,Dixon,US,2019-11-30 02:01:00,38.45,-121.82,50.0,70,20,6.93
195,Port Blair,IN,2019-11-30 02:01:00,11.67,92.75,83.73,77,76,17.07
196,Madisonville,US,2019-11-30 01:59:46,37.33,-87.5,44.01,100,90,4.7
197,Rosarito,CO,2019-11-30 02:01:00,4.91,-75.23,73.4,88,75,4.7
198,Yeppoon,AU,2019-11-30 02:01:00,-23.13,150.74,86.0,37,40,6.93
199,Teeli,RU,2019-11-30 02:01:01,51.01,90.2,8.11,65,1,6.11
200,Inuvik,CA,2019-11-30 02:01:01,68.36,-133.71,17.6,92,90,2.24
201,Esmeraldas,BR,2019-11-30 02:01:01,-19.76,-44.31,73.4,88,75,3.36
202,Rauma,FI,2019-11-30 02:01:02,61.13,21.5,24.8,92,20,4.7
203,Flinders,AU,2019-11-30 02:01:03,-34.58,150.85,75.99,53,71,8.05
204,Zhaoqing,CN,2019-11-30 02:01:03,23.05,112.47,66.63,50,76,6.02
205,Castro,CL,2019-11-30 02:01:03,-42.48,-73.76,50.0,87,90,3.36
206,Peniche,PT,2019-11-30 02:01:03,39.36,-9.38,62.01,93,75,8.05
207,Oktyabrskiy,RU,2019-11-30 02:01:04,55.61,37.97,35.6,93,90,11.18
208,Kidal,ML,2019-11-30 02:01:04,18.44,1.41,69.96,15,0,11.16
209,Kununurra,AU,2019-11-30 02:01:04,-15.77,128.74,95.0,50,0,8.05
210,Norwich,GB,2019-11-30 02:01:04,52.63,1.29,36.0,93,0,3.36
211,Quatre Cocos,MU,2019-11-30 02:01:04,-20.21,57.76,75.2,94,75,3.36
212,Codrington,AU,2019-11-30 02:01:05,-28.95,153.24,95.0,30,99,12.75
213,Poronaysk,RU,2019-11-30 02:01:05,49.22,143.1,25.03,54,0,15.82
214,Cherskiy,RU,2019-11-30 02:01:05,68.75,161.3,-5.82,93,100,12.75
215,Carnarvon,ZA,2019-11-30 02:01:05,-30.97,22.13,61.09,20,12,9.26
216,Makakilo City,US,2019-11-30 02:01:05,21.35,-158.09,84.2,65,75,8.05
217,Auki,NG,2019-11-30 02:01:06,12.18,6.51,71.13,20,0,9.69
218,Panzhihua,CN,2019-11-30 02:01:06,26.59,101.72,60.01,51,0,0.92
219,Tazovskiy,RU,2019-11-30 02:01:06,67.47,78.7,-4.13,97,100,18.68
220,Durban,CA,2019-11-30 02:01:06,51.93,-101.44,13.57,96,98,4.99
221,Itoman,JP,2019-11-30 02:01:06,26.12,127.67,71.6,56,75,14.99
222,Mezen,RU,2019-11-30 02:01:07,65.85,44.24,35.53,98,100,18.25
223,Deputatskiy,RU,2019-11-30 02:01:07,69.3,139.9,-17.63,92,0,4.09
224,Cayenne,GF,2019-11-30 02:01:07,4.94,-52.33,78.8,88,0,1.12
225,Bull Savanna,JM,2019-11-30 02:01:07,17.89,-77.59,65.23,90,0,6.15
226,Saint-Joseph,FR,2019-11-30 02:01:08,43.56,6.97,55.0,81,0,2.24
227,Sao Geraldo Do Araguaia,BR,2019-11-30 02:01:08,-6.4,-48.55,76.37,83,20,0.98
228,Nemuro,JP,2019-11-30 02:01:08,43.32,145.57,33.8,43,40,5.82
229,Namatanai,PG,2019-11-30 02:01:08,-3.66,152.44,84.31,70,73,8.05
230,Kondagaon,IN,2019-11-30 02:01:09,19.59,81.66,72.41,63,0,1.41
231,Havelock,US,2019-11-30 01:56:19,34.88,-76.9,46.0,75,1,3.36
232,Inongo,CD,2019-11-30 02:01:09,-1.93,18.29,73.44,91,97,1.9
233,Yumen,CN,2019-11-30 02:01:09,40.29,97.04,27.64,38,88,16.11
234,Sorland,NO,2019-11-30 02:01:10,67.67,12.69,32.18,62,74,31.09
235,Pevek,RU,2019-11-30 02:01:10,69.7,170.27,0.05,93,100,7.54
236,Kavieng,PG,2019-11-30 02:01:10,-2.57,150.8,83.46,74,61,7.43
237,Bambous Virieux,MU,2019-11-30 02:01:10,-20.34,57.76,75.2,94,75,3.36
238,Fare,PF,2019-11-30 02:01:11,-16.7,-151.02,82.15,77,83,9.57
239,Sidney,US,2019-11-30 02:01:11,47.72,-104.16,28.99,92,90,10.29
240,Moussoro,TD,2019-11-30 02:01:11,13.64,16.49,75.78,14,2,12.39
241,Norman Wells,CA,2019-11-30 02:01:11,65.28,-126.83,17.6,92,90,3.36
242,Aklavik,CA,2019-11-30 02:01:11,68.22,-135.01,17.6,92,90,2.24
243,Namibe,AO,2019-11-30 02:01:12,-15.19,12.15,72.16,83,100,10.56
244,Kaitangata,NZ,2019-11-30 02:01:12,-46.28,169.85,54.99,88,100,20.09
245,Goya,AR,2019-11-30 02:01:13,-29.14,-59.27,75.6,62,0,5.84
246,Qasigiannguit,GL,2019-11-30 02:01:13,68.82,-51.19,26.6,73,52,12.75
247,General Pico,AR,2019-11-30 02:01:14,-35.66,-63.75,60.94,23,0,5.64
248,Mhlume,SZ,2019-11-30 02:01:14,-26.03,31.81,66.0,89,62,6.4
249,Illela,NG,2019-11-30 02:01:14,12.25,4.3,72.73,19,42,9.53
250,Vostok,RU,2019-11-30 02:01:15,46.45,135.83,13.37,73,0,3.71
251,Aquiraz,BR,2019-11-30 02:01:15,-3.9,-38.39,86.0,74,20,9.17
252,Mount Isa,AU,2019-11-30 02:01:15,-20.73,139.49,98.6,27,23,6.93
253,Kruisfontein,ZA,2019-11-30 02:01:16,-34.0,24.73,56.68,87,0,6.51
254,Tigil,RU,2019-11-30 02:01:16,57.8,158.67,14.68,91,100,10.36
255,Wajir,KE,2019-11-30 02:01:16,1.75,40.07,76.41,80,66,9.15
256,Anchorage,US,2019-11-30 01:57:40,61.22,-149.89,41.0,82,90,10.47
257,Manggar,ID,2019-11-30 02:01:17,-2.88,108.27,85.06,63,87,3.78
258,Port Hardy,CA,2019-11-30 02:01:17,50.7,-127.42,28.4,92,20,3.36
259,Igarka,RU,2019-11-30 02:01:17,67.47,86.57,-24.7,91,31,6.98
260,Yaan,NG,2019-11-30 02:01:17,7.38,8.57,75.69,42,0,3.04
261,Maymyo,MM,2019-11-30 02:01:17,22.03,96.47,68.0,77,0,2.24
262,Saldanha,PT,2019-11-30 02:01:17,41.42,-6.55,51.58,95,53,10.83
263,Gamba,CN,2019-11-30 02:01:18,28.28,88.52,16.21,55,80,6.62
264,Den Helder,NL,2019-11-30 02:01:18,52.96,4.76,42.8,80,100,2.24
265,Kodiak,US,2019-11-30 02:01:18,39.95,-94.76,37.99,93,90,11.41
266,Kaeo,NZ,2019-11-30 02:01:18,-35.1,173.78,79.0,74,2,11.97
267,Nikolskoye,RU,2019-11-30 02:01:19,59.7,30.79,39.0,93,90,6.71
268,Beyneu,KZ,2019-11-30 02:01:19,45.32,55.19,33.89,59,89,14.58
269,Ozernovskiy,RU,2019-11-30 02:01:19,51.5,156.52,28.13,66,100,25.43
270,Nishihara,JP,2019-11-30 02:01:19,35.74,139.53,55.0,43,20,10.29
271,Cabadiangan,PH,2019-11-30 02:01:19,10.45,123.98,84.2,70,20,16.11
272,Wageningen,NL,2019-11-30 02:01:20,51.98,5.66,39.0,84,1,3.36
273,Kontagora,NG,2019-11-30 02:01:20,10.4,5.47,75.4,19,31,6.73
274,Pangnirtung,CA,2019-11-30 02:01:20,66.15,-65.72,12.85,94,98,2.39
275,Marihatag,PH,2019-11-30 02:01:21,8.8,126.3,83.43,73,97,19.66
276,Kurilsk,RU,2019-11-30 02:01:21,45.23,147.88,29.05,70,86,22.32
277,Torrington,US,2019-11-30 02:01:21,42.06,-104.18,32.0,92,90,11.41
278,Leeton,AU,2019-11-30 02:01:21,-34.55,146.4,64.99,55,75,14.99
279,Kolyvan,RU,2019-11-30 02:01:22,55.31,82.74,14.0,85,90,6.71
280,Alamogordo,US,2019-11-30 02:00:27,32.9,-105.96,48.99,75,90,3.36
281,Urucara,BR,2019-11-30 02:01:22,-2.54,-57.76,80.04,65,3,1.9
282,Urengoy,RU,2019-11-30 02:01:22,65.96,78.37,-5.01,97,100,19.39
283,Ketchikan,US,2019-11-30 02:01:22,55.34,-131.65,35.6,79,1,5.82
284,San Pedro,AR,2019-11-30 02:01:23,-33.68,-59.66,66.0,88,74,1.99
285,Faya,SA,2019-11-30 02:01:23,18.39,42.45,51.8,53,18,3.74
286,Cap Malheureux,MU,2019-11-30 02:01:23,-19.98,57.61,75.2,94,75,3.36
287,Kemin,KG,2019-11-30 02:01:24,42.79,75.7,21.38,32,0,7.31
288,Ovsyanka,RU,2019-11-30 02:01:24,53.58,126.91,-7.98,91,99,3.71
289,Healdsburg,US,2019-11-30 02:01:25,38.61,-122.87,46.4,70,1,0.11
290,Sotnikovo,RU,2019-11-30 02:01:25,51.88,107.48,-0.4,84,75,4.92
291,Byron Bay,AU,2019-11-30 02:01:25,-28.65,153.62,95.0,65,2,24.16
292,Siocon,PH,2019-11-30 02:01:25,11.03,124.04,83.55,65,96,14.43
293,Egvekinot,RU,2019-11-30 02:01:25,66.32,-179.17,8.89,95,100,7.63
294,Kahului,US,2019-11-30 01:56:32,20.89,-156.47,82.4,54,40,21.92
295,Tomigusuku,JP,2019-11-30 02:01:26,26.18,127.67,71.6,56,75,14.99
296,Mayumba,GA,2019-11-30 02:01:27,-3.44,10.65,80.71,83,100,12.82
297,Avera,US,2019-11-30 02:01:27,33.19,-82.53,54.0,81,1,3.15
298,Honningsvag,NO,2019-11-30 02:01:27,70.98,25.97,36.19,70,100,39.21
299,Puerto Baquerizo Moreno,EC,2019-11-30 02:01:28,-0.9,-89.6,70.86,81,98,6.33
300,Yerbogachen,RU,2019-11-30 02:01:28,61.28,108.01,-1.52,94,100,10.31
301,Abha,SA,2019-11-30 02:01:28,18.22,42.5,51.8,53,5,1.32
302,Berdigestyakh,RU,2019-11-30 02:01:28,62.1,126.7,5.65,95,99,4.41
303,Liepaja,LV,2019-11-30 02:01:29,56.52,21.02,35.6,93,68,6.93
304,Walvis Bay,NA,2019-11-30 02:01:29,-22.95,14.51,62.01,87,1,4.7
305,Hirado,JP,2019-11-30 02:01:29,33.32,129.49,61.0,58,59,5.82
306,Belmonte,PT,2019-11-30 02:01:29,40.36,-7.35,57.0,99,44,24.0
307,Azovo,RU,2019-11-30 02:01:29,54.7,73.03,3.2,84,100,2.24
308,Dunedin,NZ,2019-11-30 01:58:20,-45.87,170.5,57.0,83,100,27.02
309,Nioaque,BR,2019-11-30 02:01:30,-21.16,-55.83,76.15,76,39,4.25
310,Serik,TR,2019-11-30 02:01:30,36.92,31.1,59.0,87,40,4.7
311,Miracema Do Tocantins,BR,2019-11-30 02:01:30,-9.56,-48.4,74.59,88,56,1.48
312,Graaff-Reinet,ZA,2019-11-30 02:01:30,-32.25,24.53,57.47,74,48,5.53
313,Bandarban,BD,2019-11-30 02:01:31,22.2,92.22,71.6,94,0,2.39
314,Sheridan,US,2019-11-30 02:01:31,39.65,-105.03,33.8,92,90,4.7
315,Makat,KZ,2019-11-30 02:01:31,47.65,53.35,35.6,73,94,18.52
316,Naze,NG,2019-11-30 02:01:31,5.43,7.07,74.48,93,59,3.2
317,Petauke,ZM,2019-11-30 02:01:31,-14.25,31.33,66.72,92,100,4.21
318,Aktau,KZ,2019-11-30 02:01:32,43.65,51.16,41.0,65,90,11.18
319,Lahaina,US,2019-11-30 02:01:32,20.87,-156.68,84.2,51,75,17.22
320,Black River,JM,2019-11-30 02:01:32,18.03,-77.85,78.8,69,20,6.93
321,Mandalgovi,MN,2019-11-30 02:01:32,45.76,106.27,11.5,20,0,14.92
322,Uyemskiy,RU,2019-11-30 02:01:33,64.47,40.85,33.8,100,90,15.66
323,Skierniewice,PL,2019-11-30 02:01:33,51.96,20.14,39.99,86,75,17.22
324,Sibu,MY,2019-11-30 02:01:33,2.29,111.83,80.6,83,75,5.82
325,Champerico,MX,2019-11-30 02:01:33,16.38,-93.6,77.0,73,75,11.41
326,Bira,RU,2019-11-30 02:01:34,49.0,132.47,12.38,76,0,3.62
327,Turbat,PK,2019-11-30 02:01:34,26.0,63.05,62.76,24,0,5.82
328,Camacha,PT,2019-11-30 02:01:34,33.08,-16.33,66.2,88,20,3.36
329,Mirnyy,RU,2019-11-30 02:01:34,56.57,36.46,36.7,95,100,7.61
330,Yertsevo,RU,2019-11-30 02:01:34,60.8,40.09,37.62,94,100,12.01
331,Verkhoyansk,RU,2019-11-30 02:01:35,67.55,133.39,-20.61,91,0,2.73
332,Torbay,CA,2019-11-30 02:01:35,47.66,-52.73,39.99,100,90,4.7
333,Kyren,RU,2019-11-30 02:01:35,51.68,102.13,2.26,79,100,5.41
334,Dhidhdhoo,MV,2019-11-30 02:01:36,6.88,73.1,80.62,78,100,4.7
335,Anqing,CN,2019-11-30 02:01:36,30.51,117.04,52.02,64,88,3.71
336,Nueva Guinea,NI,2019-11-30 02:01:36,11.69,-84.46,71.89,95,100,5.35
337,Copiapo,CL,2019-11-30 02:01:36,-27.37,-70.33,57.2,82,0,3.36
338,Rundu,NA,2019-11-30 02:01:37,-17.91,19.77,71.6,68,87,5.82
339,Tautira,PF,2019-11-30 02:01:37,-17.73,-149.15,86.0,66,75,11.41
340,Saint-Georges,CA,2019-11-30 02:01:37,46.12,-70.67,12.99,78,1,4.07
341,Canazas,PA,2019-11-30 02:01:37,8.38,-82.3,78.8,94,40,2.24
342,Ullapool,GB,2019-11-30 02:01:38,57.9,-5.16,30.99,91,0,3.0
343,Haines Junction,CA,2019-11-30 02:01:38,60.75,-137.51,22.57,94,95,8.14
344,Najran,SA,2019-11-30 02:01:39,17.54,44.22,57.2,50,0,1.43
345,Lorengau,PG,2019-11-30 02:01:39,-2.02,147.27,84.13,69,39,9.01
346,Nibe,DK,2019-11-30 02:01:40,56.98,9.64,39.0,92,0,10.71
347,Wakkanai,JP,2019-11-30 02:01:40,45.41,141.67,30.2,63,75,17.22
348,Oistins,BB,2019-11-30 02:01:40,13.07,-59.53,75.2,88,20,3.36
349,Les Cayes,HT,2019-11-30 02:01:40,18.19,-73.75,80.56,68,50,11.72
350,Sao Joao Da Barra,BR,2019-11-30 02:01:40,-21.64,-41.05,70.29,90,95,6.26
351,Hay River,CA,2019-11-30 02:01:41,60.82,-115.79,12.2,78,75,6.93
352,Kurchum,KZ,2019-11-30 02:01:41,48.57,83.65,4.39,78,0,1.41
353,Port Shepstone,ZA,2019-11-30 02:01:42,-30.74,30.45,66.51,89,40,0.87
354,Maningrida,AU,2019-11-30 02:01:42,-12.05,134.23,91.2,50,54,13.98
355,Zhigansk,RU,2019-11-30 02:01:42,66.77,123.37,-8.5,96,100,17.98
356,Todos Santos,MX,2019-11-30 02:01:42,23.45,-110.23,75.0,73,75,5.82
357,Hobyo,SO,2019-11-30 02:01:42,5.35,48.53,75.69,74,100,13.78
358,Gushikawa,JP,2019-11-30 02:01:43,26.35,127.87,71.6,56,75,14.99
359,Christchurch,NZ,2019-11-30 02:00:01,-43.53,172.64,63.0,77,33,24.16
360,Rawson,AR,2019-11-30 02:01:43,-43.3,-65.11,55.4,65,63,22.28
361,Bayan,CN,2019-11-30 02:01:44,36.1,102.26,17.35,77,100,5.7
362,Reconquista,AR,2019-11-30 02:01:44,-29.14,-59.64,75.6,62,0,5.84
363,Hualmay,PE,2019-11-30 02:01:44,-11.1,-77.61,62.98,88,99,2.77
364,Werda,BW,2019-11-30 02:01:44,-25.27,23.28,76.71,20,0,12.53
365,Luba,PH,2019-11-30 02:01:45,17.32,120.7,81.68,56,100,7.4
366,Bonthe,SL,2019-11-30 02:01:45,7.53,-12.5,79.32,84,2,4.5
367,Sistranda,NO,2019-11-30 02:01:45,63.73,8.83,36.0,80,75,25.28
368,Quzhou,CN,2019-11-30 02:01:45,28.97,118.86,55.54,64,44,6.26
369,Priargunsk,RU,2019-11-30 02:01:46,50.37,119.09,3.31,91,100,5.46
370,Mehamn,NO,2019-11-30 02:01:46,71.03,27.85,32.23,72,86,28.25
371,Mineiros,BR,2019-11-30 02:00:38,-17.57,-52.55,70.09,89,100,5.46
372,Aswan,EG,2019-11-30 01:58:52,24.09,32.9,59.0,51,0,5.82
373,Arlit,NE,2019-11-30 02:01:47,18.74,7.39,73.8,15,0,7.78
374,Minab,IR,2019-11-30 02:01:47,27.15,57.07,60.8,87,0,4.7
375,Port Augusta,AU,2019-11-30 02:01:47,-32.49,137.76,66.99,55,75,17.22
376,Narsaq,GL,2019-11-30 02:01:48,60.91,-46.05,30.2,39,100,1.12
377,Lubu,CN,2019-11-30 02:01:48,23.17,112.28,66.63,50,76,6.02
378,Otjiwarongo,NA,2019-11-30 02:01:48,-20.46,16.65,68.0,52,99,2.24
379,Rocha,UY,2019-11-30 01:59:26,-34.48,-54.34,65.64,87,100,9.26
380,Ulladulla,AU,2019-11-30 02:01:48,-35.36,150.48,71.6,53,67,8.05
381,Nchelenge,ZM,2019-11-30 02:01:49,-9.35,28.74,69.08,90,90,5.32
382,Murgab,TM,2019-11-30 02:01:49,37.5,61.97,33.8,86,0,4.7
383,Ukiah,US,2019-11-30 02:01:49,39.15,-123.21,42.01,86,21,2.21
384,Praia Da Vitoria,PT,2019-11-30 02:01:49,38.73,-27.07,60.01,82,20,6.91
385,Puerto Narino,CO,2019-11-30 02:01:50,-3.77,-70.38,75.2,100,100,0.89
386,Hanyang,CN,2019-11-30 02:01:50,32.14,105.51,46.0,76,96,15.7
387,Waiouru,NZ,2019-11-30 02:01:50,-39.48,175.67,64.92,59,99,1.66
388,Martapura,ID,2019-11-30 02:01:50,-3.41,114.85,92.46,51,78,1.79
389,Ahuimanu,US,2019-11-30 02:01:51,21.44,-157.84,84.2,65,90,10.29
390,Ca Mau,VN,2019-11-30 01:59:41,9.18,105.15,84.97,69,36,14.27
391,Erenhot,CN,2019-11-30 02:01:51,43.65,111.97,14.76,53,0,16.44
392,Anaimalai,IN,2019-11-30 02:01:52,10.58,76.93,71.6,100,75,10.56
393,Lokosovo,RU,2019-11-30 02:01:52,61.13,74.84,14.09,93,100,10.0
394,Isangel,VU,2019-11-30 02:01:52,-19.55,169.27,80.6,69,75,11.41
395,Dagana,MR,2019-11-30 02:01:52,16.52,-15.51,76.24,38,0,14.58
396,Akdepe,TM,2019-11-30 02:01:53,42.05,59.39,24.8,73,100,4.7
397,Pacific Grove,US,2019-11-30 02:01:53,36.62,-121.92,46.99,75,1,6.93
398,Atar,MR,2019-11-30 02:01:53,20.52,-13.05,70.7,30,0,1.25
399,Mercedes,UY,2019-11-30 02:01:53,-33.25,-58.03,73.0,79,100,15.01
400,Visani,RO,2019-11-30 02:01:53,45.15,27.28,44.69,83,9,4.74
401,Paamiut,GL,2019-11-30 02:01:54,61.99,-49.67,31.03,55,54,7.67
402,Loukhi,RU,2019-11-30 02:01:54,66.08,33.04,22.01,93,100,7.27
403,Menomonie,US,2019-11-30 02:01:54,44.88,-91.92,34.0,92,90,9.17
404,Coruripe,BR,2019-11-30 02:01:54,-10.12,-36.18,77.07,77,0,16.13
405,Abbeville,FR,2019-11-30 02:01:54,50.11,1.83,33.01,89,0,4.7
406,Muzhi,RU,2019-11-30 02:01:55,65.4,64.7,16.11,91,100,8.97
407,Kirovskiy,RU,2019-11-30 02:01:55,45.09,133.51,17.15,65,68,3.89
408,Kroya,ID,2019-11-30 02:01:55,-6.5,108.06,92.08,47,100,2.98
409,Turukhansk,RU,2019-11-30 02:01:56,65.8,87.96,-29.88,99,95,5.5
410,Pisco,PE,2019-11-30 02:01:56,-13.71,-76.2,66.2,82,46,12.75
411,Chicama,PE,2019-11-30 02:01:56,-7.84,-79.15,68.0,82,75,9.17
412,Sampit,ID,2019-11-30 02:01:57,-2.54,112.95,95.25,53,33,0.76
413,Sao Filipe,CV,2019-11-30 02:01:57,14.9,-24.5,72.1,84,17,15.77
414,Mayo,CA,2019-11-30 02:01:57,63.59,-135.9,17.6,92,90,3.44
415,Yicheng,CN,2019-11-30 02:01:57,31.71,112.27,38.14,93,100,11.23
416,Nesna,NO,2019-11-30 02:01:57,66.2,13.02,26.44,80,100,30.13
417,Talnakh,RU,2019-11-30 02:01:58,69.49,88.39,-22.0,67,100,11.18
418,Ocos,GT,2019-11-30 02:01:58,14.51,-92.19,80.6,94,75,3.74
419,Pozo Colorado,PY,2019-11-30 02:01:58,-23.49,-58.8,83.12,60,85,9.13
420,Changji,CN,2019-11-30 02:01:58,32.07,116.17,46.54,81,100,2.19
421,Hirara,JP,2019-11-30 02:01:59,24.8,125.28,75.2,60,20,20.8
422,Minuri,PH,2019-11-30 02:01:59,16.54,121.86,71.01,76,85,4.45
423,Ulaangom,MN,2019-11-30 02:02:00,49.98,92.07,3.52,82,75,1.16
424,Terny,UA,2019-11-30 02:02:00,50.99,33.98,36.72,97,100,7.81
425,Diamantino,BR,2019-11-30 02:02:00,-14.4,-56.44,70.77,94,100,10.74
426,Vila Franca Do Campo,PT,2019-11-30 02:02:00,37.72,-25.43,57.2,71,20,2.24
427,Dubbo,AU,2019-11-30 02:00:07,-32.25,148.6,84.2,17,57,5.82
428,San Francisco,CO,2019-11-30 02:00:36,1.17,-76.88,52.41,96,100,4.65
429,Tevaitoa,PF,2019-11-30 02:02:01,-16.78,-151.5,82.04,75,96,7.63
430,Dehloran,IR,2019-11-30 02:02:01,32.69,47.27,59.99,56,0,1.28
431,Tecate,US,2019-11-30 02:02:01,32.57,-116.63,57.99,81,78,16.11
432,Lazaro Cardenas,MX,2019-11-30 02:02:02,28.39,-105.62,68.0,20,75,21.92
433,Cabedelo,BR,2019-11-30 02:02:02,-6.97,-34.84,78.8,78,20,6.93
434,Cairns,AU,2019-11-30 01:59:15,-16.92,145.77,91.99,52,40,11.41
435,Moshenskoye,RU,2019-11-30 02:02:02,58.52,34.59,35.42,95,100,8.79
436,Maniitsoq,GL,2019-11-30 01:59:57,65.42,-52.9,25.84,81,100,4.38
437,Wuda,CN,2019-11-30 02:02:03,39.5,106.72,24.76,42,100,10.04
438,Villa Carlos Paz,AR,2019-11-30 02:02:03,-31.42,-64.5,78.8,57,40,16.11
439,Astoria,US,2019-11-30 02:02:03,46.19,-123.83,37.99,69,1,3.87
440,Hokitika,NZ,2019-11-30 02:02:03,-42.72,170.96,61.77,80,64,4.29
441,Tabuny,RU,2019-11-30 02:02:04,52.78,78.79,4.84,90,89,7.36
442,Beryslav,UA,2019-11-30 02:02:04,46.84,33.42,46.0,99,100,13.09
443,Araouane,ML,2019-11-30 02:02:04,18.9,-3.53,67.44,14,0,9.06
444,Uppsala,SE,2019-11-30 01:59:26,59.86,17.64,30.2,79,0,14.99
445,Timra,SE,2019-11-30 02:02:04,62.49,17.33,28.99,100,0,2.24
446,Kyaikkami,MM,2019-11-30 02:02:05,16.08,97.57,81.0,68,52,9.53
447,Fairbanks,US,2019-11-30 01:59:57,64.84,-147.72,26.6,100,90,4.83
448,Poum,MK,2019-11-30 02:02:05,41.28,20.71,43.16,95,100,4.88
449,Huarmey,PE,2019-11-30 02:02:05,-10.07,-78.15,63.9,83,100,1.1
450,Senanga,ZM,2019-11-30 02:02:06,-16.1,23.3,69.69,81,99,3.78
451,Northam,AU,2019-11-30 02:02:06,-31.65,116.67,68.0,32,0,19.46
452,Mecca,SA,2019-11-30 02:02:06,21.43,39.83,73.83,73,0,0.4
453,The Valley,AI,2019-11-30 02:02:06,18.22,-63.06,78.8,78,20,10.29
454,Adrar,DZ,2019-11-30 02:02:06,27.87,-0.29,57.2,31,34,11.41
455,Taree,AU,2019-11-30 02:02:07,-31.91,152.46,97.0,48,79,8.05
456,Talcahuano,CL,2019-11-30 02:01:22,-36.72,-73.12,55.4,76,0,9.17
457,Taltal,CL,2019-11-30 02:02:07,-25.41,-70.49,56.19,88,8,1.28
458,Margate,AU,2019-11-30 02:02:08,-43.03,147.26,66.99,44,75,10.29
459,Presidente Medici,BR,2019-11-30 02:02:01,-11.18,-61.9,72.41,90,74,2.48
460,Hildburghausen,DE,2019-11-30 02:02:08,50.43,10.73,39.99,86,40,10.29
461,Ludvika,SE,2019-11-30 02:02:09,60.15,15.18,27.0,79,0,10.29
462,Geraldton,CA,2019-11-30 02:02:09,49.72,-86.95,10.4,85,90,2.24
463,Tura,RU,2019-11-30 02:02:09,64.27,100.22,-10.64,92,100,5.3
464,Leningradskiy,RU,2019-11-30 02:02:09,69.38,178.42,9.14,82,100,21.14
465,Acapulco,MX,2019-11-30 02:02:09,16.86,-99.88,82.4,83,40,2.24
466,Camopi,GF,2019-11-30 02:02:10,3.17,-52.33,73.81,88,2,3.85
467,Piacabucu,BR,2019-11-30 02:02:10,-10.41,-36.43,76.46,79,0,12.37
468,General Roca,AR,2019-11-30 02:01:59,-39.03,-67.58,62.6,33,42,19.46
469,Cocobeach,GA,2019-11-30 02:02:10,1.01,9.58,82.4,83,75,8.05
470,Bubaque,GW,2019-11-30 02:02:10,11.28,-15.83,82.26,73,0,10.0
471,Jos,NG,2019-11-30 02:02:11,9.92,8.9,63.88,29,0,3.38
472,Banjar,ID,2019-11-30 02:02:11,-7.37,108.54,86.99,60,55,5.12
473,Hanna,CA,2019-11-30 02:00:16,51.64,-111.93,10.0,89,36,1.01
474,Seoul,KR,2019-11-30 01:57:35,37.57,126.98,41.0,59,20,1.12
475,Hampton,US,2019-11-30 02:00:04,32.88,-81.13,50.0,81,20,2.51
476,Basoko,CD,2019-11-30 02:02:12,1.23,23.61,70.52,97,88,0.98
477,Sainte-Maxime,FR,2019-11-30 02:02:12,43.31,6.64,55.4,61,0,16.11
478,Gat,SN,2019-11-30 02:02:12,14.69,-16.54,69.8,88,0,19.46
479,Gijon,ES,2019-11-30 02:02:13,43.54,-5.66,55.0,76,100,12.75
480,Yar-Sale,RU,2019-11-30 02:02:13,66.83,70.83,9.14,94,100,13.6
481,Takoradi,GH,2019-11-30 02:02:13,4.89,-1.75,80.8,81,96,5.48
482,Ambilobe,MG,2019-11-30 02:02:13,-13.19,49.05,75.92,84,25,5.3
483,Katangli,RU,2019-11-30 02:02:13,51.71,143.23,14.97,68,0,12.88
484,Yulara,AU,2019-11-30 02:00:01,-25.24,130.99,69.8,49,2,13.87
485,Tulun,RU,2019-11-30 02:02:14,54.56,100.58,12.96,82,100,8.16
486,Terrace,CA,2019-11-30 01:57:26,54.52,-128.61,27.0,62,20,21.92
487,Tsiroanomandidy,MG,2019-11-30 02:02:14,-18.77,46.05,70.92,72,0,3.65
488,Gornopravdinsk,RU,2019-11-30 02:02:14,60.06,69.92,16.32,94,100,7.78
489,Thabazimbi,ZA,2019-11-30 02:02:15,-24.59,27.41,57.99,74,0,5.64
490,Scarborough,GB,2019-11-30 02:02:15,54.28,-0.41,36.0,100,29,1.12
491,Marfino,RU,2019-11-30 02:02:15,56.07,37.56,39.0,100,90,8.95
492,Port Hedland,AU,2019-11-30 02:00:51,-20.31,118.58,96.8,22,0,24.16
493,Ouallam,NE,2019-11-30 02:02:16,14.32,2.08,76.05,15,0,8.19
494,Perth,AU,2019-11-30 01:58:16,-31.95,115.86,72.0,32,0,16.11
495,Sola,TZ,2019-11-30 02:02:16,-3.17,33.8,63.81,88,88,4.21
496,Springbok,ZA,2019-11-30 02:02:16,-29.67,17.88,51.71,43,0,4.94
497,Baiyin,CN,2019-11-30 02:02:16,36.55,104.13,21.2,92,90,2.24
498,Morehead,US,2019-11-30 02:02:17,38.18,-83.43,42.8,65,90,4.7
499,Gubskaya,RU,2019-11-30 02:02:17,44.32,40.63,47.12,71,100,7.27
500,Dingle,PH,2019-11-30 02:02:17,11.0,122.67,80.37,75,97,17.52
501,Atasu,KZ,2019-11-30 02:02:17,48.68,71.64,9.34,53,0,5.35
502,Te Anau,NZ,2019-11-30 02:02:18,-45.41,167.72,59.92,48,100,7.99
503,Singaraja,ID,2019-11-30 02:02:18,-8.11,115.08,85.19,68,0,7.2
504,Bombay,US,2019-11-30 02:02:18,44.94,-74.57,23.0,85,90,5.82
505,Nizwa,OM,2019-11-30 02:02:18,22.93,57.53,59.58,54,0,2.08
506,Tolaga Bay,NZ,2019-11-30 02:02:18,-38.37,178.3,62.83,87,34,10.02
507,Lewiston,US,2019-11-30 02:02:19,44.1,-70.21,27.0,62,1,10.29
508,Alofi,NU,2019-11-30 02:02:19,-19.06,-169.92,78.8,69,75,2.24
509,Zaraza,VE,2019-11-30 02:02:20,9.35,-65.33,71.19,95,100,6.06
510,Taoudenni,ML,2019-11-30 02:02:20,22.68,-3.98,62.96,27,63,5.37
511,Clyde River,CA,2019-11-30 02:02:20,70.47,-68.59,15.8,78,75,18.34
512,Bitung,ID,2019-11-30 02:02:21,1.44,125.19,87.8,62,20,3.36
513,Broome,GB,2019-11-30 02:02:21,52.47,1.45,36.0,93,0,3.36
514,Damietta,EG,2019-11-30 01:58:12,31.42,31.81,64.4,88,48,2.24
515,Kendal,ID,2019-11-30 02:02:22,-6.92,110.2,89.01,79,20,2.24
516,Praya,ID,2019-11-30 02:01:19,-8.71,116.27,91.4,55,75,9.17
517,Petatlan,MX,2019-11-30 02:02:23,17.52,-101.27,86.0,79,40,5.37
518,Orlik,PL,2019-11-30 02:02:23,53.95,17.74,35.01,86,75,12.75
519,Evensk,RU,2019-11-30 02:02:23,61.92,159.24,-4.54,81,100,17.09
520,Lompoc,US,2019-11-30 02:00:32,34.64,-120.46,51.8,70,1,3.36
521,Praia,BR,2019-11-30 02:02:24,-20.25,-43.81,73.4,78,75,6.93
522,Maldonado,UY,2019-11-30 02:02:24,-34.91,-54.96,69.8,77,90,13.09
523,Nuevo Progreso,US,2019-11-30 02:02:24,26.05,-97.95,78.01,83,90,13.87
524,Sechura,PE,2019-11-30 02:02:24,-5.56,-80.82,69.06,86,32,6.51
525,Ballina,IE,2019-11-30 02:02:24,54.11,-9.15,41.0,78,88,11.99
526,Manicore,BR,2019-11-30 02:02:25,-5.81,-61.3,77.85,80,2,1.1
527,Boralday,KZ,2019-11-30 02:02:25,43.36,76.86,17.6,85,90,4.47
528,Constitucion,MX,2019-11-30 02:02:25,23.99,-104.67,66.2,32,5,10.29
529,Ancud,CL,2019-11-30 02:02:25,-41.87,-73.83,50.0,87,90,3.36
530,San Vicente,EC,2019-11-30 02:02:25,-0.59,-80.41,74.84,81,100,7.0
531,Jardim,BR,2019-11-30 02:02:26,-21.48,-56.15,75.15,82,34,4.81
532,Diego De Almagro,CL,2019-11-30 02:02:26,-26.39,-70.05,56.55,49,0,0.27
533,Gardabani,GE,2019-11-30 02:02:26,41.46,45.09,42.8,81,0,2.77
534,Karlstad,SE,2019-11-30 01:59:32,59.38,13.5,26.6,86,99,5.82
535,Abeche,TD,2019-11-30 02:02:27,13.83,20.83,69.71,16,89,18.45
536,Chandler,US,2019-11-30 01:58:13,33.31,-111.84,53.6,76,40,8.05
537,Winnemucca,US,2019-11-30 02:02:27,40.97,-117.74,28.4,74,90,9.4
538,Bilma,NE,2019-11-30 02:02:27,18.69,12.92,68.13,16,0,10.31
539,Inverell,AU,2019-11-30 02:02:27,-29.78,151.11,79.0,60,99,11.9
540,Issoire,FR,2019-11-30 02:02:28,45.54,3.25,41.0,93,75,2.24
541,Nanakuli,US,2019-11-30 02:02:28,21.39,-158.15,84.2,65,75,8.05
542,Alta Floresta,BR,2019-11-30 02:02:28,-9.87,-56.08,71.35,96,69,3.83
543,Nizhniy Baskunchak,RU,2019-11-30 02:02:28,48.22,46.83,34.61,94,94,12.68
544,San Salvo,IT,2019-11-30 02:02:28,42.04,14.73,55.0,93,0,2.24
545,Dudinka,RU,2019-11-30 02:02:29,69.41,86.18,-22.0,67,100,11.18
546,Ahipara,NZ,2019-11-30 02:02:29,-35.17,173.16,79.0,74,38,9.82
547,Halifax,CA,2019-11-30 01:59:38,44.65,-63.58,27.0,85,90,29.97
548,Jalu,LY,2019-11-30 02:02:29,29.03,21.55,56.3,76,0,4.21
549,Bogorodskoye,RU,2019-11-30 02:02:29,52.37,140.44,6.33,79,0,5.53
550,Paita,PE,2019-11-30 02:02:30,-5.09,-81.11,68.32,85,100,6.73
551,Bozeman,US,2019-11-30 01:57:47,45.68,-111.04,15.8,78,90,14.99
552,Sinjar,SY,2019-11-30 02:02:30,35.59,37.0,54.34,90,0,5.82
553,Key West,US,2019-11-30 02:02:30,47.93,-96.78,32.0,95,90,7.47
554,Nagtipunan,PH,2019-11-30 02:02:31,16.22,121.6,73.85,60,100,4.41
555,Necochea,AR,2019-11-30 02:02:31,-38.55,-58.74,59.0,16,0,7.0
556,Flin Flon,CA,2019-11-30 02:02:31,54.77,-101.88,10.8,97,86,3.51
557,Los Alamos,US,2019-11-30 02:02:32,35.88,-106.3,33.8,54,40,9.17
558,Bad Iburg,DE,2019-11-30 02:02:32,52.16,8.05,37.0,94,23,6.93
559,Mandiana,GN,2019-11-30 02:02:32,10.62,-8.7,72.14,32,0,3.04
560,Appleton,US,2019-11-30 02:00:02,44.26,-88.41,34.0,92,75,3.36
